Index,Variant,"Region, subregion, country or area *",Notes,Location code,ISO3Code,ISO2 Alpha-code,SDMX code**,Type,Parent code,Year,"Total Population, as of 1 January (thousands)","Total Population, as of 1 July (thousands)","Male Population, as of 1 July (thousands)","Female Population, as of 1 July (thousands)","Population Density, as of 1 July (persons per square km)","Population Sex Ratio, as of 1 July (males per 100 females)","Median Age, as of 1 July (years)","Natural Change, Births minus Deaths (thousands)","Rate of Natural Change (per 1,000 population)",Population Change (thousands),Population Growth Rate (percentage),Population Annual Doubling Time (years),Births (thousands),Births by women aged 15 to 19 (thousands),"Crude Birth Rate (births per 1,000 population)",Total Fertility Rate (live births per woman),Net Reproduction Rate (surviving daughters per woman),Mean Age Childbearing (years),Sex Ratio at Birth (males per 100 female births),Total Deaths (thousands),Male Deaths (thousands),Female Deaths (thousands),"Crude Death Rate (deaths per 1,000 population)","Life Expectancy at Birth, both sexes (years)",Male Life Expectancy at Birth (years),Female Life Expectancy at Birth (years),"Life Expectancy at Age 15, both sexes (years)",Male Life Expectancy at Age 15 (years),Female Life Expectancy at Age 15 (years),"Life Expectancy at Age 65, both sexes (years)",Male Life Expectancy at Age 65 (years),Female Life Expectancy at Age 65 (years),"Life Expectancy at Age 80, both sexes (years)",Male Life Expectancy at Age 80 (years),Female Life Expectancy at Age 80 (years),"Infant Deaths, under age 1 (thousands)","Infant Mortality Rate (infant deaths per 1,000 live births)",Live Births Surviving to Age 1 (thousands),"Under-Five Deaths, under age 5 (thousands)","Under-Five Mortality (deaths under age 5 per 1,000 live births)","Mortality before Age 40, both sexes (deaths under age 40 per 1,000 live births)","Male Mortality before Age 40 (deaths under age 40 per 1,000 male live births)","Female Mortality before Age 40 (deaths under age 40 per 1,000 female live births)","Mortality before Age 60, both sexes (deaths under age 60 per 1,000 live births)","Male Mortality before Age 60 (deaths under age 60 per 1,000 male live births)","Female Mortality before Age 60 (deaths under age 60 per 1,000 female live births)","Mortality between Age 15 and 50, both sexes (deaths under age 50 per 1,000 alive at age 15)","Male Mortality between Age 15 and 50 (deaths under age 50 per 1,000 males alive at age 15)","Female Mortality between Age 15 and 50 (deaths under age 50 per 1,000 females alive at age 15)","Mortality between Age 15 and 60, both sexes (deaths under age 60 per 1,000 alive at age 15)","Male Mortality between Age 15 and 60 (deaths under age 60 per 1,000 males alive at age 15)","Female Mortality between Age 15 and 60 (deaths under age 60 per 1,000 females alive at age 15)",Net Number of Migrants (thousands),"Net Migration Rate (per 1,000 population)"
1733,Estimates,Burundi,,108,BDI,BI,108.0,Country/Area,910,1950.0,2229.322,2254.113,1079.773,1174.34,86.864,91.947,18.315,62.914,27.788,49.581,2.2,31.507,116.224,11.27,51.334,6.923,2.047,30.995,102.5,53.31,27.069,26.241,23.546,40.579,39.246,41.853,44.916,43.733,46,11.046,10.623,11.395,4.728,4.468,4.925,18.127,166.92,103.226,29.001,282.583,462.531,476.036,449.518,617.795,641.855,595.151,290.791,308.196,274.895,423.915,452.6,397.891,-13.343,-5.893
1805,Estimates,Comoros,,174,COM,KM,174.0,Country/Area,910,1950.0,159.959,161.814,80.516,81.299,86.95,99.037,20.055,2.89,17.888,3.71,2.293,30.229,7.14,0.997,44.197,5.686,1.515,29.447,103.2,4.25,2.145,2.105,26.309,36.549,36.236,36.846,41.737,41.627,41.829,10.844,10.632,11.033,4.842,4.663,5,1.33,192.759,6.175,2.096,317.112,526.301,523.417,529.25,679.668,687.529,672.24,357.544,357.695,357.554,490.86,500.651,481.726,0.823,5.095
2021,Estimates,Ethiopia,,231,ETH,ET,231.0,Country/Area,910,1950.0,17516.675,17709.951,8788.148,8921.803,17.71,98.502,16.907,381.054,21.518,386.553,2.183,31.752,874.711,95.055,49.395,7.35,1.976,31.378,105.5,493.657,262.876,230.781,27.877,36.353,34.25,38.545,43.269,41.678,44.82,10.557,9.964,11.016,4.484,4.111,4.748,174.062,199.431,757.833,290.367,334.647,519.969,544.434,494.028,671.254,704.826,636.469,320.623,345.548,294.869,459.559,498.1,422.283,5.493,0.31
2093,Estimates,Kenya,,404,KEN,KE,404.0,Country/Area,910,1950.0,5711.674,5774.05,2902.562,2871.488,9.943,101.082,15.968,118.456,20.552,124.752,2.161,32.075,285.133,55.035,49.471,7.329,2.12,29.58,102.1,166.677,91.762,74.915,28.919,38.902,37.602,40.463,44.33,43.371,45.572,10.997,10.756,11.338,4.885,4.732,5.082,48.349,162.191,252.721,91.146,304.073,488.631,504.615,471.236,637.963,659.883,609.769,303.292,320.926,281.988,435.004,459.053,402.984,6.298,1.093
2165,Estimates,Madagascar,,450,MDG,MG,450.0,Country/Area,910,1950.0,3906.025,3953.896,2032.822,1921.074,6.796,105.817,19.691,95.741,24.21,95.742,2.422,28.619,192.166,30.655,48.594,7.299,2.194,28.81,103.8,96.425,50.605,45.821,24.384,39.646,38.678,40.66,41.251,40.538,41.998,9.861,9.608,10.087,4.123,3.932,4.291,26.744,140.061,174.133,41.524,237.926,475.584,484.175,466.345,658.343,676.428,639.554,356.5,367.221,344.618,503.043,523.784,481.862,0,0
2237,Estimates,Malawi,,454,MWI,MW,454.0,Country/Area,910,1950.0,2925.058,2949.739,1414.6,1535.139,31.197,92.148,16.143,49.359,16.745,49.362,1.673,41.431,145.03,24.428,49.201,6.796,1.668,29.726,101.5,95.671,48.21,47.461,32.456,32.746,31.57,33.879,42.867,42.683,43.035,10.144,10.169,10.121,4.189,4.038,4.307,30.734,206.068,124.084,59.311,387.935,574.202,589.814,559.178,701.711,715.502,688.437,323.271,327.546,319.356,455.085,461.702,449.099,0,0
2309,Estimates,Mauritius,1,480,MUS,MU,480.0,Country/Area,910,1950.0,517.924,525.443,267.4,258.043,258.839,103.626,17.891,14.238,27.112,15.038,2.862,24.219,22.308,3.013,42.478,6.049,2.482,28.519,103.4,8.07,4.315,3.755,15.366,52.442,50.347,55.059,45.022,42.767,47.863,7.784,6.626,8.656,2.847,2.627,2.924,1.871,84.629,20.985,2.567,115.988,216.509,224.231,207.367,510.553,579.96,421.828,215.91,252.923,168.529,437.303,515.961,336.842,0.797,1.518
2453,Estimates,Mozambique,,508,MOZ,MZ,508.0,Country/Area,910,1950.0,5878.439,5920.215,2897.72,3022.495,7.528,95.872,19.123,116.851,19.685,83.552,1.411,49.125,276.983,29.987,46.662,5.988,1.67,29.583,102,160.132,80.415,79.718,26.977,37.259,36.075,38.404,43.886,43.205,44.466,10.669,10.584,10.725,4.734,4.611,4.813,57.032,204.399,237.304,91.281,329.407,507.179,522.427,492.129,655.544,674.301,638.116,306.406,319.695,294.669,443.149,461.899,427.393,-33.296,-5.609
2597,Estimates,Rwanda,,646,RWA,RW,646.0,Country/Area,910,1950.0,2117.998,2154.218,1059.006,1095.211,88.981,96.694,17.197,71.282,33.086,72.44,3.363,20.611,119.443,12.084,55.44,7.916,2.453,31.167,102.6,48.161,24.377,23.785,22.354,43.343,42.792,43.909,46.498,46.721,46.298,11.483,11.536,11.436,5.063,5.021,5.087,17.389,147.198,107.121,28.856,260.606,426.397,431.386,420.964,576.305,581.981,570.497,263.325,257.258,268.601,388.396,386.339,390.234,1.16,0.538
2669,Estimates,Seychelles,,690,SYC,SC,690.0,Country/Area,910,1950.0,38.038,38.106,19.32,18.785,83.383,102.848,26.113,0.138,3.618,0.136,0.357,...,1.244,0.15,32.627,4.84,1.932,28.849,103.5,1.106,0.666,0.44,29.009,50.879,48.863,53.876,43.964,41.374,47.719,8.768,7.546,10.632,3.382,2.829,4.024,0.102,84.609,1.17,0.133,116.122,254.538,266.056,242.169,544.728,605.224,468.596,281.667,332.658,222.676,468.759,542.073,376.386,0,0
2741,Estimates,Somalia,,706,SOM,SO,706.0,Country/Area,910,1950.0,2181.367,2213.052,1098.941,1114.11,3.528,98.639,18.528,62.183,28.085,63.369,2.864,24.202,111.738,7.912,50.466,7.248,2.175,31.332,104.4,49.555,25.833,23.721,22.381,41.404,40.01,42.816,44.295,43.118,45.45,10.882,10.441,11.217,4.679,4.394,4.854,16.409,152.08,100.353,26.148,257.605,451.103,465.43,436.298,615.401,640.238,589.898,301.898,319.381,284.073,437.779,466.28,409.232,1.191,0.538
2813,Estimates,South Sudan,,728,SSD,SS,728.0,Country/Area,910,1950.0,2476.015,2492.077,1270.886,1221.191,4.417,104.069,17.549,32.131,12.897,32.124,1.289,53.774,115.17,18.056,46.227,6.628,1.613,29.925,103.5,83.039,46.244,36.795,33.33,31.247,29.003,33.967,40.584,38.066,43.766,9.609,8.825,10.677,3.966,3.53,4.587,27.718,236.831,96.895,47.181,394.009,589.04,619.124,555.971,738.462,778.944,687.908,368.125,416.114,313.21,519.154,580.066,444.369,0,0
2885,Estimates,Uganda,,800,UGA,UG,800.0,Country/Area,910,1950.0,5671.964,5750.637,2963.845,2786.791,28.781,106.353,18.148,157.337,27.358,157.346,2.736,25.334,301.504,55.971,52.425,6.65,2.024,28.732,103,144.167,79.466,64.7,25.067,39.33,37.868,41.003,41.649,40.769,42.733,11.312,11.082,11.64,5.718,5.433,6.114,44.675,148.517,270.121,76.475,268.55,483.672,503.512,462.179,668.231,689.859,641.979,365.528,383.323,344.267,512.16,532.899,486.264,0,0
2957,Estimates,United Republic of Tanzania,3,834,TZA,TZ,834.0,Country/Area,910,1950.0,7533.316,7632.399,3726.982,3905.417,8.616,95.431,15.976,196.938,25.796,198.166,2.597,26.69,364.524,69.437,47.747,6.485,2.007,29.302,103.2,167.586,85.939,81.647,21.951,41.296,40.031,42.541,43.565,42.598,44.481,10.655,10.361,10.887,4.68,4.436,4.847,52.223,145.048,327.468,92.612,259.282,451.743,466.499,437.101,622.981,645.825,600.428,317.557,335.346,300.433,455.255,480.264,431.345,1.226,0.161
3029,Estimates,Zambia,,894,ZMB,ZM,894.0,Country/Area,910,1950.0,2285.718,2318.448,1152.529,1165.918,3.119,98.852,16.444,66.857,28.819,65.459,2.824,24.545,112.653,20.771,48.559,6.623,2.169,29.249,101.1,45.796,23.772,22.025,19.74,45.123,43.999,46.26,47.538,46.831,48.237,12.129,11.829,12.416,5.53,5.328,5.714,15.131,135.852,101.927,26.406,244.774,405.325,415.809,394.76,553.33,572.02,534.609,250.008,258.824,241.504,371.009,388.528,354.016,-1.402,-0.604
3101,Estimates,Zimbabwe,,716,ZWE,ZW,716.0,Country/Area,910,1950.0,2746.396,2791.326,1391.011,1400.315,7.216,99.336,17.422,94.512,33.817,89.86,3.22,21.526,140.879,22.749,50.408,7.104,2.571,29.62,102.6,46.367,24.63,21.737,16.591,49.644,47.553,51.809,47.913,46.116,49.722,12.093,11.572,12.52,5.392,5.205,5.518,14.209,102.2,130.788,23.171,183.312,339.629,361.554,316.805,505.876,546.245,463.728,243.953,272.67,214.671,366.631,409.501,323.072,-4.654,-1.665
3317,Estimates,Cameroon,,120,CMR,CM,120.0,Country/Area,911,1950.0,4283.047,4315.816,2108.271,2207.544,9.26,95.503,19.436,65.536,15.178,65.538,1.519,45.632,186.657,36.018,43.228,5.537,1.433,28.462,102.8,121.121,61.795,59.326,28.05,34.457,33.179,35.729,43.208,42.486,43.896,10.841,10.699,10.951,4.944,4.783,5.059,35.545,194.218,161.25,66.248,363.24,552.203,568.335,536.091,687.865,706.995,668.676,323.613,337.359,310.261,456.662,476.03,438.034,0,0
3389,Estimates,Central African Republic,,140,CAF,CF,140.0,Country/Area,911,1950.0,1426.515,1436.591,708.558,728.034,2.306,97.325,21.227,20.147,14.021,20.152,1.403,49.405,62.584,11.857,43.555,5.744,1.593,28.215,103.3,42.437,21.695,20.742,29.534,35.389,34.088,36.73,40.136,38.873,41.433,9.757,9.708,9.796,4.365,4.289,4.419,11.848,190.733,54.218,19.008,318.906,533.617,553.919,512.8,707.517,732.102,681.589,382.248,412.389,351.164,532.85,565.285,499.172,0,0
3461,Estimates,Chad,,148,TCD,TD,148.0,Country/Area,911,1950.0,2488.828,2512.688,1240.879,1271.809,1.995,97.568,20.424,47.479,18.876,47.72,1.899,36.501,117.34,22.851,46.65,6.062,1.664,28.091,104.1,69.861,36.528,33.333,27.774,36.206,34.766,37.68,42.91,41.785,44.022,10.397,9.997,10.765,4.4,4.128,4.632,21.891,197.589,101.806,35.433,331.933,521.724,537.329,505.871,675.259,699.34,650.783,326.012,343.538,308.805,467.001,495.698,439.019,0.243,0.097
3605,Estimates,Democratic Republic of the Congo,,180,COD,CD,180.0,Country/Area,911,1950.0,12174.049,12295.745,5760.461,6535.284,5.424,88.144,17.087,239.288,19.464,243.391,1.98,35.007,565.737,103.97,46.016,5.966,1.707,29.01,102.5,326.449,160.847,165.602,26.552,38.308,37.138,39.38,43.675,42.839,44.349,10.649,10.34,10.869,4.529,4.329,4.681,101.627,179.896,497.549,171.526,304.171,493.599,504.782,482.832,649.246,669.065,631.995,312.661,324.249,303.095,449.993,472.315,432.166,4.103,0.334
3749,Estimates,Gabon,,266,GAB,GA,266.0,Country/Area,911,1950.0,471.475,472.905,230.87,242.035,1.835,95.387,27.068,2.86,6.046,2.86,0.605,114.57,14.278,2.958,30.187,3.948,1.173,27.562,102.2,11.418,5.757,5.662,24.141,39.629,38.283,40.983,44.927,43.964,45.856,11.424,11.112,11.673,5.227,4.998,5.379,2.244,158.621,12.691,4.137,298.703,480.912,496.016,465.622,627.57,650.23,604.634,295.656,311.651,279.928,424.09,448.449,400.314,0,0
3821,Estimates,Sao Tome and Principe,,678,STP,ST,678.0,Country/Area,911,1950.0,60.426,60.975,33.895,27.079,63.516,125.17,23.684,1.404,22.941,1.098,1.801,38.487,2.944,0.191,48.11,6.227,1.839,28.117,102.7,1.54,0.812,0.728,25.169,40.07,39.416,40.687,44.914,44.853,44.903,11.296,11.169,11.391,4.977,4.794,5.096,0.477,168.327,2.597,0.808,297.159,472.937,477.574,469.747,620.707,629.569,612.204,293.376,291.965,296.362,421.483,426.267,417.495,-0.306,-5.001
3965,Estimates,Algeria,,12,DZA,DZ,12.0,Country/Area,912,1950.0,8892.792,9019.866,4613.613,4406.253,3.787,104.706,18.353,255.346,28.27,254.148,2.818,24.597,461.136,60.347,51.054,7.324,2.182,29.9,104.7,205.79,108.268,97.521,22.784,42.36,41.655,43.163,45.323,44.232,46.589,11.492,10.907,12.177,5.126,4.891,5.366,76.744,174.34,404.791,107.845,260.698,448.062,451.492,444.735,587.73,602.358,571.595,286.007,297.415,273.986,402.647,425.149,377.528,-1.201,-0.133
4037,Estimates,Egypt,,818,EGY,EG,818.0,Country/Area,912,1950.0,20928.82,21150.058,10731.764,10418.294,21.247,103.009,19.559,470.895,22.258,442.477,2.092,33.133,1146.681,183.712,54.2,6.994,1.746,28.563,105.8,675.786,358.275,317.511,31.942,35.367,33.865,36.994,49.619,46.671,52.926,11.557,10.659,12.426,5.041,4.769,5.279,320.3,275.214,925.505,518.862,441.157,519.977,532.265,507.869,635.652,673.351,595.509,180.239,224.053,133.562,322.183,393.2,245.031,-28.409,-1.343
4181,Estimates,Morocco,,504,MAR,MA,504.0,Country/Area,912,1950.0,8826.639,8946.209,4444.171,4502.038,20.045,98.715,18.253,233.724,26.123,239.139,2.673,25.931,457.065,85.991,51.085,6.485,1.912,28.677,104.6,223.341,115.741,107.6,24.962,39.101,38.15,40.069,41.877,40.979,42.796,10.172,9.693,10.6,4.48,4.282,4.651,85.225,189.724,398.965,120.502,284.324,475.048,480.411,469.864,659.821,681.251,637.786,341.886,356.233,327.558,496.558,524.298,468.21,5.412,0.605
4325,Estimates,Tunisia,,788,TUN,TN,788.0,Country/Area,912,1950.0,3573.092,3606.288,1792.598,1813.69,23.202,98.837,19.119,63.84,17.706,66.392,1.841,37.651,165.557,17.69,45.916,6.557,1.887,29.93,104.7,101.717,50.928,50.789,28.21,37.605,36.743,38.474,40.685,40.093,41.276,9.806,9.753,9.842,4.621,4.454,4.705,31.861,193.529,143.102,48.521,300.244,491.86,505.439,477.989,686.665,699.151,673.931,364.857,377.279,352.177,527.924,540.567,515.192,2.552,0.708
4541,Estimates,Botswana,,72,BWA,BW,72.0,Country/Area,913,1950.0,408.831,413.481,200.256,213.225,0.73,93.918,17.921,10.373,25.046,9.299,2.249,30.82,18.796,3.102,45.384,6.429,2.153,30.096,103.2,8.423,4.324,4.099,20.338,44.945,42.522,47.314,45.331,42.995,47.499,11.21,10.502,11.686,4.984,4.552,5.229,2.567,138.147,16.976,3.934,225.028,399.837,427.518,371.141,573.737,622.247,527.165,286.375,327.351,246.345,419.756,476.772,367.441,-1.078,-2.603
4613,Estimates,Eswatini,,748,SWZ,SZ,748.0,Country/Area,913,1950.0,268.201,271.642,132.208,139.435,15.645,94.817,17.287,7.903,29.028,6.883,2.534,27.354,13.745,2.495,50.486,6.732,2.19,29.256,102.9,5.842,2.997,2.845,21.458,42.973,41.497,44.43,43.852,42.732,44.916,10.5,10.232,10.697,4.559,4.417,4.657,2.018,148.401,12.315,3.101,238.874,422.975,441.231,404.783,604.953,631.965,578.037,308.563,329.86,287.931,450.646,479.524,422.777,-1.028,-3.776
4685,Estimates,Lesotho,,426,LSO,LS,426.0,Country/Area,913,1950.0,574.455,579.47,243.419,336.05,19.087,72.435,17.665,11.023,19.038,10.03,1.731,40.043,25.098,2.894,43.346,5.701,1.904,30.406,102.8,14.075,7.031,7.044,24.308,44.831,41.166,47.838,46.518,42.508,49.447,11.04,9.902,11.864,4.785,4.209,5.068,4.497,167.774,22.147,6.589,243.503,395.332,440.796,362.923,560.673,636.47,501.179,255.131,328.873,207.115,389.283,484.498,320.195,-0.985,-1.701
4973,Estimates,Benin,,204,BEN,BJ,204.0,Country/Area,914,1950.0,2256.437,2264.452,1055.458,1208.994,20.082,87.301,23.12,20.629,9.091,16.03,0.708,97.902,92.16,11.135,40.617,5.751,1.477,29.687,104.3,71.531,34.174,37.357,31.526,34.951,34.294,35.568,42.735,42.576,42.864,10.321,10.255,10.375,4.366,4.286,4.436,18.286,210.177,79.182,30.288,352.604,539.11,543.747,534.648,687.809,697.181,679.356,329.008,329.005,329.038,470.062,478.125,463.391,-4.602,-2.028
5045,Estimates,Burkina Faso,,854,BFA,BF,854.0,Country/Area,914,1950.0,4190.492,4213.757,2209.037,2004.72,15.401,110.192,18.551,64.613,15.298,46.529,1.104,62.785,183.764,30.313,43.509,5.822,1.441,29.005,104.1,119.151,64.326,54.825,28.211,33.117,32.301,34.044,41.657,41.108,42.383,9.159,9.06,9.315,3.475,3.465,3.49,30.987,170.097,162.821,70.93,387.644,561.641,568.771,554.522,703.412,719.577,683.532,333.344,343.754,320.909,477.728,498.557,450.983,-18.107,-4.287
5117,Estimates,Cabo Verde,,132,CPV,CV,132.0,Country/Area,914,1950.0,183.891,184.999,86.194,98.805,45.905,87.236,16.823,4.901,26.308,2.215,1.197,57.907,8.447,0.86,45.34,6.497,2.276,30.41,103.3,3.546,1.689,1.857,19.032,47.295,45.214,49.027,46.458,44.384,48.025,10.879,10.31,11.134,3.442,3.495,3.421,1.189,139.765,7.62,1.744,208.803,353.418,374.882,333.152,541.224,586.438,504.53,254.231,289.008,224.288,397.67,450.814,356.815,-2.685,-14.411
5189,Estimates,Côte d'Ivoire,,384,CIV,CI,384.0,Country/Area,914,1950.0,2698.514,2736.909,1385.611,1351.298,8.607,102.539,16.81,60.25,22.074,76.789,2.806,24.702,149.555,28.002,54.792,7.61,1.908,29.466,103,89.305,48.067,41.238,32.718,32.105,30.081,34.288,41.949,41.357,42.575,9.94,9.996,9.891,4.276,4.224,4.309,35.363,238.727,124.533,56.994,393.607,579.421,608.748,547.582,715.924,739.637,689.934,339.204,353.041,324.574,480.252,495.128,464.748,16.535,6.058
5261,Estimates,Gambia,,270,GMB,GM,270.0,Country/Area,914,1950.0,302.972,306.781,150.629,156.152,30.314,96.463,17.003,5.335,17.449,7.617,2.483,27.916,15.177,3.522,49.636,6.353,1.529,27.754,103.2,9.842,5.041,4.8,32.187,31.757,30.842,32.674,42.249,41.677,42.77,10.187,9.974,10.345,4.312,4.117,4.421,2.592,174.012,13.408,6.242,409.268,584.177,593.064,575.089,721.992,736.343,707.835,338.024,345.746,330.702,481.166,498.2,465.368,2.282,7.463
5333,Estimates,Ghana,,288,GHA,GH,288.0,Country/Area,914,1950.0,5009.148,5077.596,2651.943,2425.652,22.315,109.329,17.695,122.652,24.186,136.895,2.696,25.71,237.147,42.861,46.764,6.593,2.088,30.021,103.9,114.495,64.127,50.368,22.578,43.109,41.317,45.312,45.87,44.382,47.806,11.347,10.832,11.994,4.886,4.571,5.213,35.169,149.236,213.435,56.685,253.695,427.388,447.955,404.117,586.132,616.647,546.931,273.887,296.796,245.617,405.042,438.399,361.44,14.249,2.81
5405,Estimates,Guinea,,324,GIN,GN,324.0,Country/Area,914,1950.0,2959.035,2983.557,1492.048,1491.509,12.142,100.036,20.688,49.048,16.423,49.044,1.644,42.162,134.5,25.555,45.035,5.971,1.572,28.96,104.4,85.452,45.474,39.978,28.612,35.545,34.334,36.826,43.86,42.86,44.963,10.664,10.347,11.061,4.535,4.332,4.768,25.841,202.696,116.234,44.58,359.157,530.451,543.681,517.312,674.252,694.894,652.195,308.333,323.872,292.395,446.433,471.852,419.298,0,0
5477,Estimates,Guinea-Bissau,,624,GNB,GW,624.0,Country/Area,914,1950.0,539.536,543.413,268.493,274.921,19.325,97.662,20.395,9.897,18.173,7.755,1.427,48.574,25.147,2.717,46.177,5.914,1.563,29.933,104,15.25,8.038,7.212,28.004,35.621,33.744,37.578,43.781,42.327,45.238,10.872,10.559,11.137,4.785,4.546,4.968,4.693,187.628,21.84,8.63,350.14,536.336,560.302,511.311,671.439,702.498,638.757,313.134,340.372,285.54,442.361,478.932,405.702,-2.149,-3.946
5549,Estimates,Liberia,,430,LBR,LR,430.0,Country/Area,914,1950.0,907.458,915.894,477.247,438.647,9.509,108.8,17.947,17.502,19.087,16.872,1.842,37.63,39.522,7.754,43.102,6.001,1.756,28.963,103.8,22.02,11.956,10.064,24.015,38.492,36.894,40.289,43.788,42.815,44.951,10.227,10.113,10.339,4.307,4.225,4.373,7.619,199.278,34.002,11.822,310.012,485.701,507.619,461.432,643.145,668.489,612.727,303.876,323.454,279.898,443.902,469.127,412.898,-0.625,-0.682
5621,Estimates,Mali,,466,MLI,ML,466.0,Country/Area,914,1950.0,4662.163,4694.916,2399.577,2295.338,3.848,104.541,19.44,69.186,14.727,65.505,1.395,49.688,245.32,46.919,52.221,6.961,1.484,28.708,103.2,176.134,91.812,84.322,37.494,28.17,27.626,28.712,39.367,39.134,39.619,8.49,8.51,8.464,3.169,3.223,3.1,51.408,211.116,210.62,108.713,453.407,632.342,635.53,629.615,763.974,775.02,752.294,377.398,382.696,371.915,527.118,542.603,510.478,-3.683,-0.784
5693,Estimates,Mauritania,,478,MRT,MR,478.0,Country/Area,914,1950.0,651.343,658.555,324.406,334.149,0.639,97.084,16.654,14.651,22.237,14.424,2.19,31.651,29.799,4.098,45.228,6.117,1.698,30.332,103.4,15.148,7.63,7.518,22.991,38.743,38.596,38.931,42.471,42.317,42.682,10.892,10.72,11.125,4.807,4.682,5.023,4.637,157.137,26.517,8.491,286.776,495.124,490.498,499.472,653.681,660.354,646.606,341.727,342.871,340.38,474.677,484.843,463.96,-0.236,-0.358
5765,Estimates,Niger,,562,NER,NE,562.0,Country/Area,914,1950.0,2523.748,2569.191,1161.548,1407.643,2.028,82.517,14.206,84.222,32.769,90.887,3.538,19.591,152.608,31.325,59.376,7.559,2.027,28.923,104,68.386,31.54,36.846,26.607,36.252,35.791,36.582,41.311,40.705,41.756,9.048,8.944,9.121,3.407,3.414,3.402,18.658,130.207,139.295,43.644,321.865,520.718,520.855,520.85,675.33,691.634,664.009,341.007,351.527,332.222,482.149,507.546,464.368,6.665,2.593
5837,Estimates,Nigeria,,566,NGA,NG,566.0,Country/Area,914,1950.0,36835.614,37189.369,18549.105,18640.264,40.833,99.511,18.127,686.953,18.469,707.51,1.903,36.424,1696.576,225.099,45.613,6.419,1.71,30.095,103.8,1009.623,523.307,486.315,27.144,35.81,34.555,37.083,42.558,41.693,43.386,10.301,9.969,10.547,4.368,4.114,4.522,305.3,183.976,1487.449,550.668,334.528,527.691,540.8,514.154,682.024,702.349,661.335,332.481,345.267,319.806,474.757,497.765,452.351,20.55,0.552
5981,Estimates,Senegal,,686,SEN,SN,686.0,Country/Area,914,1950.0,2464.083,2496.065,1219.151,1276.914,12.965,95.476,17.992,58.786,23.549,63.964,2.563,27.044,128.935,27.922,51.65,6.787,1.812,28.472,103.1,70.149,34.216,35.934,28.101,36.433,36.525,36.338,42.931,43.166,42.702,9.511,9.635,9.415,3.607,3.71,3.535,18.193,148.589,116.099,40.004,342.496,516.031,508.617,523.14,661.368,664.35,659.041,310.034,304.729,315.238,448.182,453.081,444.223,5.179,2.075
6053,Estimates,Sierra Leone,,694,SLE,SL,694.0,Country/Area,914,1950.0,1987.938,2000.79,980.052,1020.738,27.889,96.014,19.393,28.987,14.47,25.704,1.285,53.941,97.389,24.266,48.614,6.09,1.353,27.556,103.4,68.402,35.26,33.141,34.144,29.569,28.219,30.928,42.95,41.495,44.382,11.299,11.109,11.43,5.01,4.765,5.144,24.076,251.202,80.243,44.062,455.867,623.036,641.144,604.736,735.079,758.832,710.712,338.919,369.01,308.794,462.628,499.13,426.283,-3.29,-1.642
6341,Estimates,Kazakhstan,,398,KAZ,KZ,398.0,Country/Area,5500,1950.0,6540.831,6655.675,3209.305,3446.369,2.465,93.121,22.015,136.407,20.635,229.688,3.451,20.085,234.644,14.829,35.497,4.494,1.844,28.397,106.2,98.237,56.994,41.244,14.862,56.054,51.604,60.904,50.475,46.449,54.728,11.866,10.737,13.048,5.147,4.697,5.513,23.772,102.088,217.856,29.145,129.523,230.751,281.467,182.953,411.958,502.089,317.631,172.912,241.186,115.047,309.743,403.032,216.258,93.287,14.113
6413,Estimates,Kyrgyzstan,,417,KGZ,KG,417.0,Country/Area,5500,1950.0,1733.066,1751.225,842.308,908.917,9.13,92.672,23.561,30.581,17.473,36.317,2.074,33.421,63.133,4.649,36.073,4.55,1.766,28.436,105.5,32.552,18.327,14.225,18.6,52.467,48.748,56.492,49.344,45.786,53.088,11.472,10.376,12.595,4.996,4.617,5.286,8.027,133.721,57.216,10.036,174.917,270.721,308.127,236.702,465.705,545.728,382.561,190.182,252.513,140.289,341.353,430.074,252.592,5.731,3.275
6557,Estimates,Turkmenistan,,795,TKM,TM,795.0,Country/Area,5500,1950.0,1203.143,1214.096,595.231,618.865,2.584,96.181,22.424,23.557,19.382,21.906,1.804,38.423,45.749,1.865,37.64,4.89,1.802,30.593,106.6,22.192,12.758,9.434,18.258,49.702,45.909,53.958,49.246,46.351,52.355,11.335,10.434,12.288,4.894,4.559,5.178,7.198,160.466,40.604,9.08,216.004,308.79,351.959,266.282,494.529,564.485,416.533,188.244,237.844,144.313,342.404,413.46,267.885,-1.645,-1.353
6629,Estimates,Uzbekistan,,860,UZB,UZ,860.0,Country/Area,5500,1950.0,6168,6247.55,2992.357,3255.193,14.686,91.926,22.695,154.214,24.651,159.099,2.547,27.214,249.29,16.767,39.848,5.177,1.985,29.383,107.4,95.076,52.085,42.991,15.197,54.774,52.265,57.371,52.581,50.526,54.594,12.254,11.625,12.933,5.28,5.071,5.467,31.562,136.976,225.358,38.513,180.036,253.295,277.656,229.819,402.548,450.094,357.066,135.776,164.223,112.771,259.2,306.523,216.91,4.882,0.78
6773,Estimates,China,5,156,CHN,CN,156.0,Country/Area,906,1950.0,539190.005,543979.233,280086.872,263892.361,56.665,106.137,22.246,9723.012,17.857,9578.456,1.761,39.361,22350.731,2060.38,41.049,5.813,1.916,29.8,106.1,12627.719,6756.775,5870.944,23.192,43.738,42.114,45.607,43.393,41.582,45.487,9.137,8.255,9.94,4.271,3.991,4.442,2846.838,131.805,20286.065,4233.79,207.906,385.928,398.474,372.269,604.05,643.72,558.404,283.031,308.736,255.025,462.097,512.442,404.638,-144.552,-0.265
7133,Estimates,Japan,,392,JPN,JP,392.0,Country/Area,906,1950.0,83656.263,84353.049,41333.729,43019.319,223.853,96.082,21.201,1455.417,17.265,1393.571,1.652,41.958,2389.226,54.936,28.343,3.66,1.508,29.663,105.9,933.809,479.249,454.56,11.078,59.232,57.566,60.885,50.885,49.282,52.454,12.065,10.943,12.998,5.162,4.688,5.455,138.96,56.029,2284.723,224.485,89.586,203.591,211.628,195.996,364.497,391.532,336.684,175.794,187.452,164.496,290.343,317.762,262.303,-61.846,-0.734
7205,Estimates,Mongolia,,496,MNG,MN,496.0,Country/Area,906,1950.0,775.342,781.26,383.688,397.572,0.502,96.508,23.846,11.836,15.126,11.836,1.515,45.752,31.838,1.44,40.69,5.503,1.747,30.241,103.6,20.002,10.725,9.278,25.564,39.568,37.013,42.286,42.855,41.484,44.252,8.055,7.118,8.798,3.567,3.122,3.891,5.704,192.059,27.552,8.439,300.348,426.93,450.456,402.573,653.98,700.357,604.606,277.55,294.932,260.725,487.13,535.823,439.05,0,0
7277,Estimates,Republic of Korea,,410,KOR,KR,410.0,Country/Area,906,1950.0,20160.299,20104.01,10256.24,9847.77,203.188,104.148,17.641,-185.916,-9.271,-112.578,-0.56,...,802.706,31.928,40.026,5.969,1.442,30.536,106.2,988.622,699.023,289.599,49.297,21.312,16.786,33.632,20.446,13.008,40.913,7.333,5.59,9.491,2.816,2.401,3.136,192.547,232.428,671.947,308.187,359.162,823.198,930.524,557.328,940.004,987.466,710.398,815.209,944.593,370.481,895.406,977.741,504.664,73.347,3.657
7421,Estimates,Afghanistan,,4,AFG,AF,4.0,Country/Area,5501,1950.0,7436.561,7480.461,3962.26,3518.202,11.521,112.622,18.403,81.635,10.921,87.8,1.174,59.041,365.303,49.818,48.866,7.248,1.551,29.59,104.9,283.668,152.514,131.154,37.945,27.727,27.129,28.39,35.578,35.117,36.237,8.49,8.256,8.812,3.726,3.641,3.843,106.003,285.788,295.356,156.546,419.402,639.783,643.015,637.348,808.561,821.726,791.615,471.146,483.222,455.676,639.334,660.285,611.024,6.161,0.824
7493,Estimates,Bangladesh,,50,BGD,BD,50.0,Country/Area,5501,1950.0,39336.197,39728.535,20741.251,18987.283,305.205,109.238,18.33,776.347,19.536,784.675,1.975,35.096,1848.454,449.461,46.515,6.296,1.735,27.393,104.8,1072.107,558.157,513.949,26.979,38.18,38.219,38.112,46.254,46.741,45.763,9.483,9.324,9.668,3.556,3.595,3.516,399.681,219.165,1564.528,628.096,347.91,475.997,465.38,488.131,616.274,617.791,614.64,225.997,209.024,243.86,372.313,370.995,372.923,8.312,0.209
7565,Estimates,Bhutan,,64,BTN,BT,64.0,Country/Area,5501,1950.0,174.711,176.367,90.556,85.81,4.594,105.531,17.038,2.323,13.217,3.311,1.877,36.928,8.344,1.153,47.473,6.848,1.583,29.869,104.8,6.021,3.183,2.838,34.256,30.068,29.195,30.981,36.917,36.199,37.731,8.868,8.521,9.225,3.908,3.763,4.038,2.268,263.23,6.872,3.405,388.848,605.664,612.163,599.575,779.558,797.78,759.381,442.665,458.737,425.178,608.428,635.402,578.326,0.987,5.615
7637,Estimates,India,,356,IND,IN,356.0,Country/Area,5501,1950.0,353104.276,357021.1,183437.093,173584.006,120.08,105.676,20.023,7709,21.592,7833.647,2.194,31.593,15651.496,2551.902,43.838,5.732,1.699,28.269,105.1,7942.496,3935.66,4006.836,22.246,41.723,42.599,40.801,45.018,45.321,44.692,10.915,10.743,11.086,4.777,4.698,4.84,2817.464,181.212,13663.72,4231.012,283.693,438.022,417.894,458.914,606.271,597.923,615.009,282.173,271.36,293.562,425.721,423.659,427.864,124.658,0.349
7853,Estimates,Nepal,,524,NPL,NP,524.0,Country/Area,5501,1950.0,8308.568,8398.945,4179.01,4219.936,57.065,99.03,18.563,176.907,21.065,180.755,2.152,32.209,395.211,61.701,47.059,6.002,1.653,28.58,104.7,218.304,110.459,107.845,25.994,37.684,37.387,37.925,43.906,43.343,44.452,10.649,10.257,11.007,4.661,4.505,4.793,89.061,226.689,335.186,131.812,339.16,493.473,489.795,497.762,654.451,665.407,644.447,302.768,308.759,297.067,450.619,469.381,432.52,3.86,0.46
7925,Estimates,Pakistan,,586,PAK,PK,586.0,Country/Area,5501,1950.0,37459,37696.264,20506.902,17189.361,48.9,119.3,18.728,474.52,12.589,474.527,1.259,55.055,1647.739,313.199,43.716,6.8,1.675,29.089,105.6,1173.219,586.501,586.718,31.127,34.957,36.192,33.424,43.282,45.285,40.912,10.405,10.69,10.084,4.531,4.672,4.412,438.12,263.36,1356.994,635.622,379.088,530.888,506.396,561.163,683.705,659.769,713.094,312.484,270.92,362.682,462.558,424.279,508.844,0,0
8141,Estimates,Brunei Darussalam,,96,BRN,BN,96.0,Country/Area,920,1950.0,46.859,48.269,24.797,23.472,8.373,105.643,21.124,1.437,30.13,2.819,5.842,11.865,2.287,0.191,47.943,6.862,2.417,29.284,107,0.85,0.446,0.404,17.813,50.022,49.035,51.069,49.374,48.878,49.871,11.729,11.441,11.992,5.049,4.855,5.214,0.261,125.314,2.086,0.381,200.073,327.261,335.946,317.875,479.69,494.118,464.328,202.802,205.332,200.129,323.628,334.044,312.934,1.386,29.059
8213,Estimates,Cambodia,,116,KHM,KH,116.0,Country/Area,920,1950.0,4328.51,4380.38,2190.638,2189.742,24.196,100.041,17.509,101.882,23.261,103.739,2.368,29.271,208.816,20.93,47.674,6.631,1.946,29.819,105.3,106.934,56.6,50.333,24.413,38.937,37.336,40.611,41.579,40.438,42.744,9.985,9.58,10.336,4.193,3.918,4.417,35.797,172.474,184.686,51.44,256.978,484.475,502.313,465.894,661.557,688.648,632.986,350.442,369.198,331.198,496.283,526.01,465.96,1.859,0.424
8285,Estimates,Indonesia,,360,IDN,ID,360.0,Country/Area,920,1950.0,68862.949,69567.619,34560.022,35007.597,36.405,98.721,17.819,1320.721,18.995,1409.34,2.026,34.213,2825.601,483.191,40.638,5.191,1.493,28.565,106,1504.88,776.531,728.348,21.643,39.404,38.401,40.413,44.499,43.959,45.016,11.209,10.968,11.395,4.953,4.75,5.093,532.713,189.136,2451.051,852.379,304.806,481.371,490.334,472.289,630.506,646.885,613.817,301.446,308.73,293.895,431.233,447.187,415.412,88.615,1.274
8429,Estimates,Malaysia,9,458,MYS,MY,458.0,Country/Area,920,1950.0,5902.248,5972.876,3080.007,2892.869,18.18,106.469,18.823,134.265,22.475,141.256,2.365,29.309,264.724,26.724,44.313,6.374,2.326,29.377,105.8,130.459,71.804,58.655,21.838,46.998,45.598,48.673,43.034,41.657,44.73,8.129,7.824,8.502,3.331,3.273,3.392,29.985,116.605,243.09,41.085,167.062,323.791,341.657,304.538,578.179,610.54,537.282,275.415,301.62,243.314,474.194,511.438,426.871,7.004,1.172
8573,Estimates,Philippines,,608,PHL,PH,608.0,Country/Area,920,1950.0,18062.056,18469.878,9187.358,9282.521,61.566,98.975,16.828,652.241,35.424,815.644,4.417,15.693,917.641,65.849,49.839,7.448,2.779,30.786,107.6,265.4,135.868,129.533,14.415,53.362,51.773,54.876,49.06,47.694,50.269,11.953,11.25,12.41,5.178,4.902,5.329,89.702,103.441,854.044,123.584,149.252,279.672,290.54,268.377,453.3,482.624,424.128,211.68,226.001,196.596,339.09,369.007,310.337,163.408,8.875
8645,Estimates,Singapore,,702,SGP,SG,702.0,Country/Area,920,1950.0,986.749,1006.701,518.746,487.954,1473.939,106.311,18.941,29.567,29.485,39.903,3.964,17.486,45.07,3.703,44.944,6.248,2.447,29.203,106.1,15.503,8.353,7.15,15.459,50.702,48.613,53.037,45.041,42.789,47.56,7.579,6.277,8.704,2.939,2.337,3.389,4.061,94.561,42.083,5.773,141.913,248.753,264.8,230.133,517.003,571.707,459.965,210.748,238.609,176,424.444,487.434,359.278,10.337,10.308
8717,Estimates,Thailand,,764,THA,TH,764.0,Country/Area,920,1950.0,20167.324,20411.638,10239.874,10171.764,39.953,100.67,17.529,477.782,23.406,488.628,2.394,28.954,894.797,79.853,43.835,6.336,2.058,30.542,106.4,417.015,226.785,190.229,20.429,43.167,40.857,45.825,41.655,38.932,44.803,11.235,10.016,12.412,6.009,5.263,6.629,123.167,139.279,807.452,175.86,206.176,420.37,447.658,391.167,640.773,689.062,584.944,359.721,410.005,304.366,521.839,583.589,450.852,10.853,0.532
8789,Estimates,Timor-Leste,,626,TLS,TL,626.0,Country/Area,920,1950.0,413.233,414.791,209.778,205.013,27.895,102.324,17.134,3.116,7.522,3.117,0.751,92.297,17.979,1.597,43.411,6.605,1.479,30.769,107.1,14.863,7.903,6.96,35.889,29.047,27.462,30.736,36.408,35.306,37.593,8.784,8.306,9.188,3.868,3.665,4.021,5.399,274.175,14.676,8.226,402.896,621.123,638.015,603.127,791.296,817.81,762.459,454.875,478.966,427.964,619.403,655.952,581.34,0,0
8861,Estimates,Viet Nam,,704,VNM,VN,704.0,Country/Area,920,1950.0,24829.987,25109.2,12408.031,12701.169,80.116,97.692,23.091,558.42,22.238,558.426,2.224,31.167,974.863,27.965,38.822,5.175,1.918,31.352,106.4,416.443,248.889,167.554,16.584,49.207,44.169,55.164,45.682,40.687,51.492,12.213,11.225,13.092,5.363,4.881,5.71,95.07,97.936,910.329,141.3,159.771,359.178,435.132,272.98,527.498,619.16,416.333,293.156,385.612,187.577,410.847,513.21,290.364,0,0
9077,Estimates,Azerbaijan,10,31,AZE,AZ,31.0,Country/Area,922,1950.0,3126.982,3158.966,1467.662,1691.304,38.217,86.777,20.378,64.02,20.255,63.968,2.025,34.229,118.073,8.603,37.357,5.075,1.964,30.344,106.4,54.053,28.234,25.818,17.102,53.436,49.429,57.297,50.281,46.438,53.761,11.695,10.572,12.611,5.052,4.676,5.266,14.743,127.942,107.486,18.227,167.495,266.832,310.747,225.511,438.165,519.717,364.254,170.975,232.156,121.11,309.566,398.319,233.806,-0.043,-0.014
9149,Estimates,Bahrain,,48,BHR,BH,48.0,Country/Area,922,1950.0,115.571,117.149,63.455,53.694,149.616,118.179,17.787,2.543,21.758,3.156,2.694,25.729,5.567,1.056,47.628,7.15,1.959,28.582,103.5,3.024,1.593,1.43,25.87,38.078,37.515,38.816,46.063,44.774,47.731,11.457,11.166,11.738,4.995,4.793,5.178,1.173,212.934,4.736,1.92,347.627,497.884,503.28,489.975,631.273,648.275,609.402,271.661,293.737,241.852,396.811,428.036,356.365,0.609,5.211
9221,Estimates,Cyprus,11,196,CYP,CY,196.0,Country/Area,922,1950.0,490.395,493.956,243.791,250.166,53.458,97.452,22.66,7.805,15.811,7.122,1.442,48.068,14.548,0.683,29.472,3.912,1.625,30.149,106.1,6.743,4.034,2.71,13.661,56.95,52.828,61.684,51.261,47.971,54.962,11.373,10.272,12.607,4.977,4.586,5.369,1.58,100.786,13.52,1.981,128.431,211.387,256.618,164.264,385.497,460.856,302.408,143.702,188.166,99.959,281.937,353.644,206.444,-0.682,-1.382
9293,Estimates,Georgia,12,268,GEO,GE,268.0,Country/Area,922,1950.0,3497.751,3517.264,1667.957,1849.306,50.615,90.194,24.927,28.598,8.14,39.026,1.11,62.446,84.134,4.352,23.949,2.965,1.223,28.864,106.3,55.536,32.036,23.501,15.809,57.742,53.586,62.123,52.221,48.326,56.199,12.122,10.85,13.541,5.247,4.695,5.772,8.771,106.16,77.874,10.917,134.984,207.496,247.205,172.551,375.875,462.948,292.51,145.791,206.954,95.303,271.088,362.847,187.058,10.42,2.966
9365,Estimates,Iraq,,368,IRQ,IQ,368.0,Country/Area,922,1950.0,5596.621,5656.471,2816.788,2839.684,13.03,99.194,20.493,116.741,20.643,119.701,2.116,32.757,258.618,22.831,45.73,6.2,1.79,29.613,105.6,141.877,78.128,63.749,25.087,38.979,36.217,42.09,46.891,43.623,50.549,11.372,10.312,12.447,4.942,4.524,5.317,57.323,222.024,220.147,91.036,356.518,475.143,506.529,441.95,619.156,674.003,558.766,248.763,303.069,191.474,386.152,462.832,304.216,2.965,0.524
9509,Estimates,Jordan,,400,JOR,JO,400.0,Country/Area,922,1950.0,423.438,438.386,225.564,212.822,4.937,105.987,17.072,8.775,20.509,29.896,6.822,10.16,19.914,2.565,46.539,7.402,2.157,29.983,105,11.139,5.878,5.26,26.03,39.96,39.809,40.191,42.278,41.864,42.864,10.227,9.909,10.619,4.501,4.375,4.659,3.616,183.093,17.471,5.33,274.67,462.152,456.576,468.166,648.416,657.885,636.074,333.162,338.258,326.322,487.697,503.729,466.758,21.124,49.366
9581,Estimates,Kuwait,,414,KWT,KW,414.0,Country/Area,922,1950.0,151.763,153.738,91.507,62.23,8.628,147.045,20.338,3.944,25.647,3.949,2.569,26.981,6.444,1.175,41.904,6.991,2.452,28.122,104.5,2.5,1.438,1.062,16.257,48.467,47.024,50.647,49.331,47.918,51.684,11.73,11.271,12.267,5.038,4.818,5.279,0.945,148.21,5.775,1.4,225.52,348.229,362.744,323.58,497.046,524.388,452.948,204.089,223.207,167.797,325.568,356.462,273.111,0,0
9725,Estimates,Oman,,512,OMN,OM,512.0,Country/Area,922,1950.0,454.182,457.317,232.317,224.999,1.478,103.253,17.79,8.28,18.054,6.269,1.371,50.558,24.647,5.672,53.742,7.25,1.594,28.442,104.4,16.367,8.742,7.625,35.688,29.67,28.013,31.512,44.652,42.315,47.291,11.503,11.204,11.804,5.035,4.786,5.247,6.682,277.045,19.861,11.39,473.743,617.823,641.946,591.712,723.796,755.084,687.671,304.895,351.636,252.728,426.883,480.934,364.985,-2.005,-4.372
9797,Estimates,Qatar,,634,QAT,QA,634.0,Country/Area,922,1950.0,23.9,24.288,12.127,12.161,2.096,99.725,17.564,0.795,32.681,0.777,3.199,21.668,1.167,0.237,48.004,6.552,2.483,27.708,104.4,0.372,0.201,0.171,15.323,52.702,50.675,54.844,50.864,49.315,52.474,11.913,11.399,12.401,5.1,4.861,5.303,0.143,124.043,1.066,0.202,181.662,288.096,309.998,265.497,437.304,472.091,400.364,174.07,194.136,153.61,291.377,324.191,257.287,0,0
9869,Estimates,Saudi Arabia,,682,SAU,SA,682.0,Country/Area,922,1950.0,3043.15,3089.693,1569.443,1520.25,1.437,103.236,17.872,88.167,28.541,93.085,3.013,23.005,164.768,34.027,53.338,7.577,2.234,28.785,105.1,76.601,40.45,36.151,24.797,40.986,39.518,42.608,47.365,45.084,49.921,11.571,11.118,12.017,5.016,4.785,5.234,31.71,196.352,142.094,48.797,316.751,455.15,473.577,435.567,591.972,626.307,553.684,245.094,285.5,200.475,368.74,421.436,309.567,4.911,1.59
9941,Estimates,State of Palestine,13,275,PSE,PS,275.0,Country/Area,922,1950.0,940.731,944.807,488.421,456.387,156.945,107.019,16.123,26.027,27.283,8.152,0.863,80.318,46.047,5.626,48.269,7.838,2.687,29.665,105,20.02,11.412,8.608,20.986,45.787,43.538,48.47,44.934,43.14,47.163,10.972,10.397,11.711,4.802,4.583,5.084,6.484,142.251,41.658,9.457,212.775,381.945,408.309,354.305,568.607,609.153,518.314,284.675,315.655,249.853,428.801,471.718,375.499,-17.881,-18.744
10085,Estimates,Türkiye,,792,TUR,TR,792.0,Country/Area,922,1950.0,20715.337,20977.697,10518.629,10459.067,27.258,100.569,18.572,559.107,26.622,524.72,2.501,27.715,974.272,150.067,46.391,6.468,2.121,28.46,104.6,415.165,220.975,194.19,19.769,47.749,44.87,50.645,54.431,51.119,57.67,14.095,12.624,15.187,6.38,5.571,6.975,189.002,196.069,840.393,288.504,304.574,370.166,389.482,349.866,481.31,531.995,429.736,131.228,160.718,100.122,239.138,303.562,175.302,-34.376,-1.637
10157,Estimates,United Arab Emirates,,784,ARE,AE,784.0,Country/Area,922,1950.0,72.048,74.591,39.043,35.548,1.05,109.83,17.497,1.781,24.419,5.087,6.822,10.16,3.509,0.595,48.1,6.876,2.148,28.494,104.3,1.728,0.971,0.757,23.681,41.074,38.203,44.461,45.772,43.138,48.884,11.321,10.807,11.847,4.953,4.717,5.182,0.645,185.648,3.052,1.006,295.386,454.336,492.957,410.143,604.73,656.285,541.944,275.829,324.98,218.918,405.307,466.623,332.549,3.304,45.285
10445,Estimates,Belarus,,112,BLR,BY,112.0,Country/Area,923,1950.0,7926.779,7906.86,3505.371,4401.489,38.967,79.641,25.186,55.469,6.972,-39.837,-0.504,...,169.536,6.542,21.311,2.502,1.066,28.869,106.1,114.067,55.916,58.151,14.339,59.486,55.275,63.366,52.677,49.191,55.573,11.671,10.239,12.663,5.006,4.498,5.269,12.48,74.03,160.54,19.091,115.063,176.183,212.93,143.151,345.721,425.147,275.161,123.34,167.663,90.126,253.117,329.493,190.652,-95.309,-11.981
10517,Estimates,Bulgaria,,100,BGR,BG,100.0,Country/Area,923,1950.0,7120.745,7157.632,3532.072,3625.56,66.032,97.421,25.981,80.168,11.199,73.774,1.031,67.231,156.085,18.623,21.804,2.521,1.031,26.733,106.7,75.917,39.417,36.499,10.605,61.491,59.699,63.272,55.856,54.523,57.123,14.505,13.883,15.057,6.963,6.779,7.108,15.387,95.97,145.587,19.798,122.534,200.01,211.854,187.793,309.068,336.903,281.587,119.246,126.8,111.615,201.085,224.945,178.407,-6.394,-0.893
10733,Estimates,Poland,,616,POL,PL,616.0,Country/Area,923,1950.0,24563.596,24786.236,11817.952,12968.284,80.949,91.13,24.821,463.796,18.715,445.28,1.797,38.572,764.646,46.671,30.854,3.705,1.52,28.971,107,300.85,155.106,145.743,12.139,59.141,56.326,61.83,53.255,50.895,55.354,12.273,11.33,12.974,4.889,4.761,4.971,81.858,104.075,708.872,94.654,123.884,201.118,223.997,178.276,343.951,395.609,295.604,129.643,154.001,107.2,240.273,290.143,196.13,-18.517,-0.747
10805,Estimates,Republic of Moldova,14,498,MDA,MD,498.0,Country/Area,923,1950.0,2341.008,2370.311,1105.962,1264.349,72.085,87.473,25.359,33.493,14.183,58.606,2.473,28.029,69.794,4.548,29.556,3.475,1.422,29.29,106.1,36.301,18.79,17.511,15.373,56.139,51.573,60.732,50.951,46.696,55.005,11.626,10.241,12.583,5.117,4.611,5.369,6.278,98.615,64.97,8.043,136.795,223.321,268.411,178.886,405.474,500.686,310.729,159.504,224.112,99.337,298.165,398.918,202.612,25.107,10.632
10877,Estimates,Romania,,642,ROU,RO,642.0,Country/Area,923,1950.0,16281.956,16392.971,7882.546,8510.426,71.25,92.622,25.234,210.76,12.859,222.031,1.354,51.193,412.845,39.928,25.188,3.046,1.31,27.912,105.7,202.085,98.805,103.28,12.329,62.248,60.703,63.642,54.139,52.514,55.593,11.796,11.158,12.28,4.469,4.455,4.475,32.001,78.467,390.137,37.223,93.142,141.98,147.918,136.399,295.933,330.368,264.929,97.99,111.77,84.754,216.222,253.449,182.888,11.267,0.687
10949,Estimates,Russian Federation,,643,RUS,RU,643.0,Country/Area,923,1950.0,101800.621,102580.107,44454.003,58126.104,6.264,76.479,23.371,1633.465,15.954,1558.972,1.52,45.602,2949.129,118.242,28.804,2.949,1.23,29.307,105.4,1315.664,670.408,645.256,12.85,57.214,52.091,61.128,49.539,43.888,53.793,11.395,9.494,12.524,4.857,4.272,5.118,269.786,80.842,2782.037,322.54,103.019,206.483,251.375,173.263,409.704,535.911,320.605,186.73,278.438,124.148,331.7,473.056,233.032,-74.483,-0.727
11021,Estimates,Slovakia,,703,SVK,SK,703.0,Country/Area,923,1950.0,3438.386,3465.617,1682.063,1783.554,70.679,94.31,26.047,60.113,17.324,54.463,1.572,44.093,100.128,8.147,28.855,3.604,1.479,28.242,107,40.015,20.369,19.645,11.531,60.776,59.024,62.469,55.075,53.795,56.222,13.391,12.892,13.782,5.677,5.361,5.916,10.86,111.526,92.302,12.121,125.974,191.891,205.348,178.087,316.724,347.48,287.183,112.839,125.279,100.881,210.197,237.279,185.508,-5.651,-1.628
11237,Estimates,Denmark,16,208,DNK,DK,208.0,Country/Area,924,1950.0,4251.526,4267.694,2117.106,2150.588,100.667,98.443,30.678,40.199,9.412,32.336,0.758,91.444,79.451,5.806,18.601,2.572,1.194,27.87,106.1,39.252,19.872,19.38,9.189,70.308,69.105,71.527,58.189,57.375,58.982,13.822,13.552,14.071,5.558,5.447,5.649,2.422,30.437,77.348,2.882,35.736,68.934,78.644,58.84,178.413,198.539,158.309,66.213,72.609,59.854,144.002,159.738,128.78,-7.853,-1.838
11309,Estimates,Estonia,,233,EST,EE,233.0,Country/Area,924,1950.0,1094.831,1102.078,469.784,632.293,25.355,74.299,28.935,6.559,5.979,14.493,1.315,52.711,20.272,0.934,18.477,2.288,1.049,28.811,106.1,13.713,5.94,7.773,12.498,67.08,62.726,70.229,55.224,50.969,58.156,13.169,11.259,14.202,5.716,5.051,5.982,0.652,31.516,19.719,0.797,39.3,94.926,121.72,72.69,246.462,330.334,188.937,103.863,148.238,71.407,210.093,294.536,154.249,7.928,7.226
11453,Estimates,Finland,18,246,FIN,FI,246.0,Country/Area,924,1950.0,3986.63,4008.289,1914.793,2093.496,13.256,91.464,26.717,55.965,13.946,43.317,1.081,64.121,98.503,4.227,24.546,3.159,1.42,29.52,105.5,42.538,22.499,20.039,10.6,64.201,60.375,67.922,53.129,49.519,56.55,12.197,10.919,13.101,5.194,4.851,5.379,4.167,41.824,95.082,5.122,50.841,127.041,156.204,98.322,288.1,368.732,210.352,126.474,168.838,86.041,243.227,323.951,166.999,-12.65,-3.152
11597,Estimates,Iceland,,352,ISL,IS,352.0,Country/Area,924,1950.0,141.037,142.65,71.335,71.316,1.423,100.027,25.515,2.973,20.844,3.226,2.262,30.643,4.095,0.406,28.713,3.85,1.795,28.671,105.9,1.122,0.582,0.54,7.869,71.222,68.838,73.643,58.335,56.014,60.677,15.232,14.205,16.095,6.878,6.293,7.269,0.077,19.023,4.026,0.096,24.112,77.45,98.089,55.763,188.895,224.034,151.929,87.491,113.147,60.382,164.001,198.509,127.827,0.245,1.718
11669,Estimates,Ireland,,372,IRL,IE,372.0,Country/Area,924,1950.0,2898.772,2906.599,1478.504,1428.096,42.515,103.53,29.06,28.298,9.714,15.655,0.539,128.599,66.089,1.177,22.687,3.453,1.522,31.541,105.9,37.791,20.061,17.729,12.973,65.578,64.503,66.736,54.712,53.983,55.502,13.012,12.432,13.621,5.574,5.267,5.853,2.926,44.296,63.683,3.506,53.211,120.643,122.606,118.64,262.496,279.927,244.088,111.951,112.317,111.571,214.746,228.642,200.198,-12.643,-4.34
11885,Estimates,Latvia,,428,LVA,LV,428.0,Country/Area,924,1950.0,1911.264,1922.525,831.683,1090.841,30.895,76.242,29.209,12.32,6.425,22.522,1.171,59.193,33.221,1.36,17.324,2.091,0.968,29.382,105.6,20.901,10.077,10.824,10.899,68.635,64.648,71.746,56.275,52.378,59.222,13.721,11.963,14.928,5.828,5.135,6.252,0.849,25.597,32.467,1.055,32.02,82.853,107.503,63.475,223.859,296.509,171.97,96.504,136.03,66.706,193.09,265.751,142.626,10.203,5.321
11957,Estimates,Lithuania,,440,LTU,LT,440.0,Country/Area,924,1950.0,2553.041,2564.798,1164.892,1399.906,40.957,83.212,25.104,25.933,10.104,23.514,0.917,75.589,59.673,2.228,23.251,2.949,1.335,29.491,105.2,33.74,15.355,18.386,13.147,66.117,62.9,68.817,54.992,51.746,57.67,13.475,11.977,14.508,5.843,5.229,6.194,2.39,40.191,57.668,2.924,49.665,109.624,132.257,91.225,267.96,325.254,219.776,115.481,150.938,85.712,223.919,282.765,175.03,-2.417,-0.942
12029,Estimates,Norway,20,578,NOR,NO,578.0,Country/Area,924,1950.0,3282.142,3281.416,1626.293,1655.123,10.786,98.258,31.394,32.971,9.995,-1.452,-0.044,...,62.529,2.457,18.956,2.514,1.16,29.516,106.8,29.558,14.769,14.789,8.961,71.588,69.92,73.255,59.505,58.217,60.746,14.95,14.417,15.404,6.227,5.973,6.415,1.583,25.309,61.125,2.132,34.072,71.131,83.107,58.496,166.444,193.124,139.453,63.282,74.203,52.246,131.494,153.903,109.4,-34.428,-10.437
12317,Estimates,Albania,,8,ALB,AL,8.0,Country/Area,925,1950.0,1234.474,1252.582,642.458,610.124,45.718,105.3,19.647,19.437,15.632,36.215,2.891,23.976,47.332,2.08,38.066,5.963,1.988,31.086,105.8,27.895,15.458,12.437,22.434,44.736,41.269,48.694,50.812,49.347,52.347,11.248,10.741,11.693,5.055,4.738,5.307,10.789,220.764,40.009,14.959,304.05,389.749,436.22,335.719,517.668,563.293,465.7,158.454,176.63,138.128,282.843,310.02,255.077,16.78,13.495
12461,Estimates,Bosnia and Herzegovina,,70,BIH,BA,70.0,Country/Area,925,1950.0,2670.844,2692.907,1298.96,1393.947,52.599,93.186,18.863,55.58,20.592,44.127,1.639,42.291,101.781,5.262,37.708,5.12,1.854,30.525,106.5,46.201,24.845,21.355,17.116,48.947,45.674,52.345,49.707,47.672,51.619,10.551,9.814,11.109,4.663,4.308,4.895,16.568,164.236,90.066,22.641,228.474,316.48,356.174,275.917,482.529,534.964,427.146,163.499,190.305,138.01,310.332,355.499,266.199,-11.451,-4.242
12533,Estimates,Croatia,,191,HRV,HR,191.0,Country/Area,925,1950.0,3846.03,3864.691,1839.15,2025.541,69.141,90.798,26.707,35.588,9.213,37.322,0.966,71.754,92.524,6.659,23.953,2.933,1.23,28.512,105.9,56.936,29.717,27.22,14.74,58.767,55.969,61.545,51.842,49.352,54.222,11.503,10.43,12.442,4.961,4.533,5.268,8.397,88.844,86.763,10.355,111.033,187.25,211.787,163.41,359.608,411.059,310.315,136.944,164.326,111.318,269.09,320.087,222.008,1.728,0.447
12677,Estimates,Greece,,300,GRC,GR,300.0,Country/Area,925,1950.0,7620.258,7669.099,3736.961,3932.138,58.623,95.036,24.583,81.665,10.664,97.682,1.274,54.407,153.3,4.826,20.018,2.542,1.132,30.127,106.3,71.635,36.32,35.316,9.354,66.448,64.621,68.195,55.833,54,57.574,13.141,12.186,14,5.756,5.288,6.095,7.329,47.048,147.442,8.826,56.344,107.45,115.699,99.529,242.786,272.933,215.134,92.491,104.778,80.713,191.588,222.416,163.517,16.002,2.09
12821,Estimates,Italy,,380,ITA,IT,380.0,Country/Area,925,1950.0,46175.129,46391.938,22542.315,23849.623,156.743,94.519,27.547,461.933,9.954,433.618,0.935,74.133,914.162,35.477,19.7,2.527,1.102,29.867,105.8,452.229,233.701,218.528,9.746,65.725,63.943,67.429,57.007,55.449,58.453,13.834,13.3,14.31,5.718,5.44,5.951,58.508,63.631,870.315,75.253,81.14,130.765,141.155,120.494,247.809,282.483,215.874,88.292,102.866,74.453,174.282,207.761,144.253,-28.321,-0.61
12965,Estimates,Malta,,470,MLT,MT,470.0,Country/Area,925,1950.0,288.73,291.873,138.542,153.332,926.583,90.355,23.659,4.062,13.98,6.287,2.154,32.18,8.495,0.351,29.242,4.226,1.841,29.998,106.6,4.433,2.372,2.062,15.262,61.584,59.633,63.548,52.717,50.95,54.466,10.308,9.607,11.051,3.581,3.369,3.775,0.711,79.482,8.022,0.781,86.646,130.603,147.301,115.383,299.214,339.96,260.874,95.365,114.898,77.874,228.262,268.772,190.955,2.221,7.646
13037,Estimates,Montenegro,,499,MNE,ME,499.0,Country/Area,925,1950.0,398.956,402.26,188.439,213.821,29.124,88.13,20.672,6.276,15.614,6.607,1.643,42.188,12.043,0.68,29.958,4.263,1.768,30.214,105.6,5.767,2.764,3.003,14.344,59.445,57.492,61.195,52.681,50.731,54.382,11.877,11.154,12.449,5.113,4.766,5.317,1.083,88.779,11.294,1.33,111.732,183.256,198.84,169.447,343.955,381.981,311.656,127.618,148.391,109.614,250.441,290.658,217.098,0.335,0.833
13109,Estimates,North Macedonia,,807,MKD,MK,807.0,Country/Area,925,1950.0,1234.411,1251.433,625.077,626.356,50.232,99.796,20.083,27.377,21.93,34.044,2.721,25.474,49.795,2.037,39.888,5.699,1.954,30.609,107.1,22.418,11.428,10.99,17.958,50.243,49.31,51.157,53.654,53.059,54.204,12.298,12.094,12.467,5.359,5.138,5.517,9.478,192.062,43.092,12.47,256.609,318.349,328.148,308.534,441.955,456.414,428.026,117.416,121.931,112.994,231.997,244.024,220.987,6.671,5.344
13181,Estimates,Portugal,,620,PRT,PT,620.0,Country/Area,925,1950.0,8386.357,8416.952,4046.278,4370.674,91.504,92.578,25.022,101.376,12.016,61.191,0.727,95.343,205.583,8.986,24.367,3.159,1.241,30.249,107.5,104.207,53.03,51.177,12.351,58.479,55.785,61.019,54.128,51.509,56.482,13.482,12.179,14.452,5.943,5.252,6.308,20.159,97.839,191.486,29.738,143.998,228.525,245.992,210.797,352.231,399.165,308.403,139.591,166.949,114.161,230.897,280.165,186.558,-40.177,-4.762
13325,Estimates,Serbia,24,688,SRB,RS,688.0,Country/Area,925,1950.0,5980.465,6017.683,2885.76,3131.923,78.421,92.14,24.469,80.062,13.297,74.436,1.237,56.035,161.267,14.185,26.783,3.087,1.238,28.182,106.9,81.205,39.414,41.791,13.486,57.718,56.32,58.966,52.726,51.224,54.046,11.624,10.95,12.137,4.942,4.632,5.153,17.347,108.359,149.02,21.403,137.641,205.626,216.013,195.74,360.194,385.826,337.533,122.742,136.122,109.953,246.255,274.725,221.36,-5.629,-0.935
13469,Estimates,Spain,25,724,ESP,ES,724.0,Country/Area,925,1950.0,28015.563,28069.694,13507.06,14562.633,55.876,92.751,26.468,252.612,8.978,108.262,0.386,...,563.063,10.524,20.011,2.47,1.029,30.682,105.6,310.451,158.506,151.945,11.033,61.754,59.282,64.115,54.505,52.119,56.729,13.38,12.248,14.272,5.918,5.374,6.24,42.499,74.509,533.063,58.394,100.766,182.465,198.01,167.536,310.923,355.205,268.886,127.176,149.814,106.153,221.738,267.186,179.434,-144.354,-5.13
13613,Estimates,Austria,,40,AUT,AT,40.0,Country/Area,926,1950.0,6937.809,6936.44,3219.956,3716.483,84.059,86.64,34.825,21.373,3.076,-2.739,-0.039,...,107.141,7.585,15.421,2.09,0.921,28.061,106.3,85.768,43.82,41.948,12.345,64.813,62.181,67.284,55.568,53.363,57.528,13.024,12.115,13.761,5.455,5.108,5.711,7.087,65.299,101.909,8.289,75.979,127.952,145.437,111.152,263.419,310.997,220.522,95.515,113.665,79.474,196.608,240.97,158.459,-24.112,-3.471
13757,Estimates,France,26,250,FRA,FR,250.0,Country/Area,926,1950.0,41651.596,41842.355,20110.232,21732.123,75.887,92.537,33.476,334.592,8.002,381.517,0.912,76.003,868.587,53.601,20.771,2.985,1.347,28.304,105.1,533.995,271.815,262.18,12.769,66.382,63.436,69.189,55.967,53.373,58.348,13.571,12.214,14.623,5.706,5.093,6.082,44.654,51.318,833.051,51.906,59.847,112.003,126.605,96.908,252.222,302.82,204.681,100.184,119.989,79.98,199.49,247.357,155.905,46.927,1.122
13829,Estimates,Germany,,276,DEU,DE,276.0,Country/Area,926,1950.0,71077.882,70964.095,32442.329,38521.766,203.592,84.218,33.419,400.749,5.622,-227.574,-0.321,...,1156.316,83.849,16.222,2.089,0.934,27.81,107.3,755.567,397.028,358.539,10.6,66.797,64.134,69.269,56.859,54.606,58.831,13.097,12.233,13.858,5.293,5.093,5.444,66.633,57.613,1104.682,75.502,65.888,106.217,124.653,89.488,222.609,270.37,181.815,73.774,91.54,59.306,162.596,206.816,127.009,-628.332,-8.815
14405,Estimates,Anguilla,19,660,AIA,AI,660.0,Country/Area,915,1950.0,4.89,5.017,2.478,2.539,57.011,97.597,18.899,0.194,38.838,0.254,5.064,13.688,0.263,0.039,52.651,6.755,2.694,28.373,103.2,0.069,0.035,0.034,13.813,55.262,53.062,57.276,50.287,48.192,52.116,11.86,10.993,12.385,5.126,4.802,5.31,0.025,95.868,0.245,0.032,136.32,250.565,268.872,231.572,417.34,459.431,377.785,184.492,209.528,160.02,307.373,351.921,266.698,0.025,5.012
14477,Estimates,Antigua and Barbuda,,28,ATG,AG,28.0,Country/Area,915,1950.0,44.948,45.435,21.215,24.22,103.261,87.593,18.023,1.097,24.116,0.974,2.144,32.33,1.67,0.312,36.696,5.124,2.121,28.182,103.2,0.573,0.257,0.316,12.58,57.137,54.619,59.086,50.709,48.099,52.637,11.738,10.684,12.228,5.214,4.815,5.355,0.13,79.557,1.577,0.191,119.074,214.757,236.804,194.493,396.887,444.979,357.192,166.578,196.623,139.234,303.214,355.553,261.033,-0.128,-2.812
14621,Estimates,Bahamas,,44,BHS,BS,44.0,Country/Area,915,1950.0,81.12,81.644,38.256,43.388,15.238,88.172,20.013,2.268,27.542,1.048,1.284,53.983,3.191,0.436,38.751,4.67,2.054,28.298,103.1,0.923,0.479,0.444,11.209,60.003,57.193,62.612,50.095,47.425,52.508,12.132,11.153,12.966,5.358,4.871,5.739,0.172,55.456,3.052,0.21,70.419,178.594,206.046,153.667,384.281,441.758,333.384,195.193,234.558,160.886,330.434,389.034,279.715,-1.219,-14.804
14693,Estimates,Barbados,,52,BRB,BB,52.0,Country/Area,915,1950.0,207.891,210.548,97.437,113.111,489.647,86.143,21.755,4.322,20.569,5.314,2.524,27.462,7.326,1.268,34.865,4.516,1.792,27.448,102.9,3.004,1.331,1.673,14.296,55.238,52.809,56.799,51.972,49.686,53.164,12.459,10.641,13.143,5.27,5.113,5.318,0.974,135.209,6.632,1.226,171.196,239.396,247.117,232.05,418.47,452.984,395.467,158.223,173.089,147.686,292.597,327.562,272.195,0.989,4.707
14981,Estimates,Cuba,,192,CUB,CU,192.0,Country/Area,915,1950.0,5865.903,5926.645,3061.811,2864.834,55.515,106.876,21.179,127.575,21.511,121.485,2.05,33.812,189.637,42.022,31.975,4.032,1.678,26.318,106.5,62.062,34.945,27.117,10.464,60.108,58.538,61.92,54.226,53.434,55.205,12.412,12.02,12.903,5.188,4.986,5.392,15.058,80.139,178.986,22.082,120.144,189.584,205.968,172.241,321.799,342.959,297.117,113.757,118.952,108.244,215.572,228.111,200.151,-6.09,-1.027
15125,Estimates,Dominica,,212,DMA,DM,212.0,Country/Area,915,1950.0,50.11,50.188,25.209,24.979,66.918,100.923,17.445,0.614,12.173,0.157,0.313,...,1.739,0.239,34.488,5.111,1.755,28.88,103.5,1.125,0.617,0.508,22.315,46.196,44.288,48.219,46.255,44.901,47.658,11.204,10.821,11.666,4.9,4.732,5.128,0.236,136.667,1.572,0.406,217.775,380.377,401.359,359.221,548.503,582.444,513.664,261.727,283.4,241.274,393.624,427.601,360.291,-0.474,-9.4
15197,Estimates,Dominican Republic,,214,DOM,DO,214.0,Country/Area,915,1950.0,2345.817,2381.74,1205.11,1176.63,49.3,102.42,15.866,74.315,31.174,71.846,3.017,22.975,125.695,18.872,52.727,7.507,2.423,29.378,104.3,51.38,27.74,23.639,21.553,44.298,42.473,46.346,47.666,45.893,49.697,11.521,11.123,11.957,5.013,4.801,5.226,21.244,170.997,110.631,32.142,265.852,407.317,429.968,383.807,555.83,590.198,515.702,237.223,267.002,204.274,363.013,403.551,315.572,-2.467,-1.035
15269,Estimates,Grenada,,308,GRD,GD,308.0,Country/Area,915,1950.0,77.018,77.02,35.374,41.646,226.529,84.94,15.093,1.459,18.827,0.004,0.005,...,2.749,0.474,35.462,5.184,2.055,27.543,103.8,1.29,0.6,0.69,16.635,52.837,50.541,54.674,47.767,45.38,49.59,11.336,10.044,12.111,5.153,4.573,5.462,0.309,99.07,2.558,0.49,149.372,262.754,280.449,248.037,480.666,524.93,444.932,222.808,251.047,200.742,379.875,429.086,341.32,-1.462,-18.857
15485,Estimates,Jamaica,,388,JAM,JM,388.0,Country/Area,915,1950.0,1385.323,1407.47,684.163,723.307,129.96,94.588,21.142,30.786,21.965,44.294,3.147,22.026,46.404,7.303,33.109,3.957,1.61,27.391,103.3,15.618,7.817,7.801,11.144,56.803,55.412,58.13,51.294,50.311,52.176,12.37,12,12.633,5.398,5.282,5.46,4.158,92.331,43.401,5.642,127.742,232.853,245.962,219.923,396.711,420.653,373.316,173.368,184.829,162.447,292.132,313.211,272.189,13.505,9.636
15629,Estimates,Montserrat,19,500,MSR,MS,500.0,Country/Area,915,1950.0,12.993,12.989,6.535,6.454,126.107,101.271,17.59,0.188,14.38,-0.008,-0.062,...,0.464,0.099,35.464,5.027,1.791,26.964,105.8,0.276,0.154,0.122,21.084,48.043,46.023,50.24,46.055,43.566,48.776,11.013,10.359,11.822,4.872,4.65,5.162,0.06,130.508,0.422,0.091,188.477,349.307,370.61,328.944,533.116,581.761,482.937,262.294,305.598,219.873,400.574,462.049,337.19,-0.176,-13.446
15845,Estimates,Saint Kitts and Nevis,,659,KNA,KN,659.0,Country/Area,915,1950.0,46.707,47.254,20.927,26.327,181.746,79.489,21.192,1.642,34.56,1.094,2.315,29.942,2.384,0.37,50.163,6.499,2.583,27.541,103.7,0.742,0.339,0.403,15.603,54.427,52.033,56.235,48.643,46.094,50.483,11.636,10.555,12.146,5.141,4.713,5.26,0.212,88.939,2.235,0.279,125.662,260.764,279.112,245.149,443.655,495.281,405.071,215.874,248.555,188.997,345.2,403.315,302.857,-0.546,-11.487
15917,Estimates,Saint Lucia,,662,LCA,LC,662.0,Country/Area,915,1950.0,86.188,86.695,42.602,44.093,140.739,96.62,18.508,1.877,21.54,1.015,1.171,59.193,3.578,0.655,41.062,5.338,1.796,27.716,103.1,1.701,0.811,0.89,19.522,45.637,44.8,46.245,44.553,42.913,45.961,11.038,10.333,11.473,4.937,4.633,5.092,0.481,135.317,3.239,0.717,204.193,389.551,390.847,388.867,572.268,599.956,548.841,297.036,321.039,274.211,434.677,476.52,397.231,-0.864,-9.915
16061,Estimates,Saint Vincent and the Grenadines,,670,VCT,VC,670.0,Country/Area,915,1950.0,60.627,61.538,27.779,33.759,157.788,82.285,18.109,1.821,29.592,1.821,2.959,23.425,3.184,0.493,51.73,7.274,2.756,27.9,103.2,1.363,0.615,0.748,22.138,51.426,49.547,52.87,48.663,46.364,50.432,11.918,10.665,12.746,5.675,5.026,6.012,0.406,128.267,2.898,0.563,184.12,297.737,316.242,282.746,485.522,517.119,461.704,224.104,257.214,197.299,359.54,398.501,330.147,0,0
16277,Estimates,Turks and Caicos Islands,19,796,TCA,TC,796.0,Country/Area,915,1950.0,5.015,5.036,2.088,2.947,5.301,70.857,18.488,0.136,26.625,0.042,0.834,83.111,0.243,0.026,47.764,5.721,1.951,28.934,105,0.107,0.049,0.058,21.139,48.206,47.051,48.724,48.057,46.105,49.227,11.492,10.906,11.88,5.006,4.764,5.179,0.034,138.589,0.219,0.049,211.168,351.678,359.51,350.3,511.571,543.131,494.493,227.642,256.722,211.805,354.147,400.145,326.322,-0.123,-24.198
16493,Estimates,Belize,,84,BLZ,BZ,84.0,Country/Area,916,1950.0,68.155,69.116,33.809,35.307,3.03,95.757,19.545,2.499,35.939,1.922,2.781,24.924,3.695,0.568,53.135,6.69,2.508,27.95,105.1,1.196,0.656,0.54,17.196,50.425,47.958,53.09,48.205,45.965,50.608,11.147,10.377,11.94,4.963,4.667,5.261,0.443,128.608,3.362,0.595,186.535,303.759,332.745,274.744,494.009,540.176,444.631,211.061,246.473,174.94,361.012,410.693,308.918,-0.578,-8.311
16565,Estimates,Costa Rica,,188,CRI,CR,188.0,Country/Area,916,1950.0,933.321,948.487,483.245,465.242,18.576,103.87,17.292,29.662,31.283,30.333,3.198,21.674,42.685,5.615,45.017,6.317,2.45,28.955,104.7,13.023,7.054,5.969,13.734,53.751,52.18,55.459,50.017,48.669,51.486,11.995,11.452,12.557,5.105,4.887,5.3,4.867,114.202,39.269,6.73,161.346,266.626,287.3,244.646,441.85,465.311,416.147,187.078,207.731,164.803,321.066,343.745,296.269,0.666,0.702
16637,Estimates,El Salvador,,222,SLV,SV,222.0,Country/Area,916,1950.0,2157.496,2182.409,1077.735,1104.674,105.329,97.561,17.186,54.348,24.865,49.825,2.283,30.361,102.86,15.763,47.061,6.296,2.036,28.312,104.7,48.512,25.941,22.571,22.196,42.397,40.427,44.508,41.446,40.228,42.733,10.954,10.382,11.511,4.748,4.473,4.962,15.092,149.096,92.112,21.895,224.392,449.488,469.247,429.294,625.471,658.182,589.983,364.379,383.988,344.858,494.926,526.664,461.643,-4.521,-2.068
16781,Estimates,Honduras,,340,HND,HN,340.0,Country/Area,916,1950.0,1536.114,1557.932,782.63,775.302,14.283,100.945,17.626,43.728,28.053,43.637,2.801,24.746,81.831,11.832,52.498,7.469,2.349,29.041,105,38.103,20.408,17.696,24.445,42.735,40.799,44.816,46.217,44.346,48.205,11.329,10.895,11.752,4.958,4.738,5.158,13.95,173.208,71.897,21.161,273.577,430.42,453.981,405.8,583.805,620.906,543.77,265.542,298.173,231.521,394.616,439.291,347.494,-0.089,-0.057
16853,Estimates,Mexico,,484,MEX,MX,484.0,Country/Area,916,1950.0,27231.56,27600.133,13741.763,13858.37,14.087,99.159,16.876,769.153,27.849,737.146,2.671,25.951,1361.891,191.279,49.31,6.709,2.207,28.952,103.8,592.738,312.727,280.011,21.461,43.966,42.439,45.582,45.276,43.798,46.842,10.883,10.608,11.154,4.802,4.801,4.804,216.786,159.604,1209.552,322.225,242.075,402.838,420.932,384.456,586.102,620.272,549.518,280.66,311.119,249.141,424.759,466.391,380.717,-32.006,-1.159
16997,Estimates,Panama,,591,PAN,PA,591.0,Country/Area,916,1950.0,850.6,861.079,441.164,419.914,11.608,105.061,17.71,24.106,27.937,20.958,2.434,28.478,35.032,5.82,40.6,5.578,2.15,28.011,104.6,10.926,5.907,5.018,12.663,54.975,53.897,56.239,50.203,49.554,51.035,14.006,13.331,14.779,6.798,6.621,6.979,3.141,90.417,32.812,4.536,133.777,275.956,275.147,276.981,437.077,454.264,417.226,213.104,210.65,215.316,327.596,341.516,311.041,-3.14,-3.639
17141,Estimates,Argentina,,32,ARG,AR,32.0,Country/Area,931,1950.0,16849.682,17017.742,8668.778,8348.963,6.096,103.831,24.369,275.629,16.224,336.119,1.975,35.096,441.694,45.761,25.999,3.164,1.373,28.38,104.7,166.065,97.689,68.376,9.775,61.226,58.789,64.322,52.606,50.247,55.664,11.271,9.816,13.059,4.668,3.831,5.423,29.639,67.342,419.665,38.379,87.852,151.348,165.553,136.816,319.983,361.709,270.475,121.852,141.437,100.416,247.262,289.652,196.722,60.499,3.561
17213,Estimates,Bolivia (Plurinational State of),,68,BOL,BO,68.0,Country/Area,931,1950.0,3067.084,3089.843,1523.13,1566.714,2.852,97.218,19.551,52.914,17.101,45.519,1.473,47.057,134.355,15.564,43.422,6.251,1.861,29.772,104.2,81.441,42.659,38.782,26.321,40.626,38.554,42.777,46.733,44.637,48.843,11.513,11.127,11.865,5.008,4.785,5.198,24.685,184.989,116.936,41.478,313.326,462.188,489.055,434.383,600.415,639.609,560.104,257.994,296.136,220.371,381.84,431.297,332.861,-7.402,-2.392
17285,Estimates,Brazil,,76,BRA,BR,76.0,Country/Area,931,1950.0,53151.9,53955.359,27201.136,26754.224,6.455,101.67,17.464,1570.812,29.117,1606.919,2.978,23.276,2504.882,285.858,46.432,6.122,2.132,29.326,104.5,934.07,514.978,419.092,17.315,48.115,45.488,51.025,48.55,46.202,51.14,12.752,11.878,13.597,5.64,5.173,6.003,396.092,159.08,2225.609,516.162,213.414,364.744,396.041,331.763,517.365,559.468,469.694,234.337,268.035,198.252,355.446,400.042,305.648,36.106,0.669
17357,Estimates,Chile,,152,CHL,CL,152.0,Country/Area,931,1950.0,6563.894,6623.645,3345.398,3278.247,8.797,102.048,19.411,144.862,21.823,119.501,1.804,38.423,246.224,31.942,37.092,4.836,1.883,29.857,103.5,101.362,51.424,49.938,15.269,53.176,51.793,54.65,49.151,47.962,50.424,10.146,9.887,10.399,3.424,3.535,3.346,29.147,119.626,225.581,38.994,162.616,254.393,264.482,244.075,440.714,476.052,402.849,182.427,201.132,162.915,322.058,359.912,281.775,-25.352,-3.819
17429,Estimates,Colombia,,170,COL,CO,170.0,Country/Area,931,1950.0,11614.844,11769.748,5849.788,5919.96,10.474,98.815,16.906,345.112,29.27,309.808,2.632,26.335,551.064,80.531,46.737,6.41,2.28,29.067,104.6,205.952,110.39,95.562,17.467,48.219,45.92,50.643,46.733,44.518,49.032,12.241,11.609,12.805,5.301,5.105,5.435,70.708,129.557,501.028,101.637,192.017,356.501,383.15,328.676,532.219,577.277,485.031,264.07,297.053,229.765,394.88,445.889,342.639,-35.303,-2.994
17501,Estimates,Ecuador,,218,ECU,EC,218.0,Country/Area,931,1950.0,3472.185,3518.733,1749.174,1769.559,14.168,98.848,18.993,92.657,26.329,93.096,2.646,26.196,160.884,21.791,45.716,6.725,2.376,29.155,104.7,68.227,35.507,32.72,19.387,49.201,47.49,50.954,49.205,47.85,50.553,11.92,11.298,12.455,5.163,4.928,5.339,23.305,145.835,144.44,33.89,218.385,336.202,350.361,321.663,494.889,525.418,463.518,207.676,223.631,191.844,335.312,366.294,304.353,0.441,0.125
17717,Estimates,Guyana,,328,GUY,GY,328.0,Country/Area,931,1950.0,412.752,417.719,207.589,210.13,2.122,98.791,18.603,10.105,24.198,9.934,2.378,29.148,17.616,2.903,42.184,5.689,2.24,27.438,103.6,7.511,3.926,3.585,17.986,49.541,47.631,51.569,44.04,42.601,45.552,9.389,8.606,10.012,4.713,4.266,5.02,1.905,105.879,16.309,2.71,152.78,284.372,303.639,264.672,558.335,597.271,515.462,264.954,288.74,239.811,470.887,510.177,428.322,-0.172,-0.412
17789,Estimates,Paraguay,,600,PRY,PY,600.0,Country/Area,931,1950.0,1487.827,1504.81,743.753,761.057,3.721,97.726,15.873,50.269,33.222,33.965,2.257,30.711,67.569,8.233,44.656,6.49,2.722,29.783,105,17.3,9.381,7.919,11.434,58.526,56,61.143,51.047,48.836,53.289,11.679,10.725,12.57,5.186,4.75,5.519,5.079,75.311,63.945,6.775,102.388,191.13,213.631,168.83,377.443,424.541,330.556,156.416,182.991,131.474,294.665,341.115,249.661,-16.309,-10.779
17861,Estimates,Peru,,604,PER,PE,604.0,Country/Area,931,1950.0,7571.186,7678.967,3857.644,3821.323,5.999,100.95,17.893,214.604,27.942,215.563,2.807,24.694,369.883,50.045,48.16,6.939,2.265,29.417,104.2,155.279,80.422,74.857,20.218,46.243,45.185,47.316,50.5,49.903,51.087,12.03,11.837,12.19,5.148,4.943,5.298,57.653,157.015,329.18,97.346,273.072,383.343,395.586,370.77,510.707,526.448,494.562,186.048,192.328,179.617,298.13,310.539,285.667,0.956,0.124
17933,Estimates,Suriname,,740,SUR,SR,740.0,Country/Area,931,1950.0,193.525,195.765,98.843,96.922,1.255,101.981,18.079,5.103,25.994,4.48,2.289,30.282,8.926,1.156,45.465,6.582,2.66,28.367,103.6,3.823,2.171,1.651,19.471,50.435,48.444,52.877,43.172,41.444,45.355,7.602,6.73,8.695,3.219,2.759,3.652,0.83,97.7,8.315,1.004,121.922,256.94,277.56,235.885,547.664,594.014,491.429,255.826,286.805,224.369,475.788,524.545,416.943,-0.63,-3.209
18005,Estimates,Uruguay,,858,URY,UY,858.0,Country/Area,931,1950.0,2223.894,2234.144,1130.457,1103.686,12.9,102.426,26.832,22.765,10.183,20.499,0.918,75.506,46.7,6.063,20.89,2.692,1.21,27.773,104.7,23.935,13.834,10.101,10.707,65.617,62.807,68.958,55.589,52.947,58.76,13.492,12.071,15.055,6.15,5.413,6.791,2.756,59.255,44.571,3.068,66.077,113.808,127.936,99.12,266.259,314.218,211.951,97.462,118.489,74.294,209.674,257.011,156.138,-2.265,-1.013
18077,Estimates,Venezuela (Bolivarian Republic of),,862,VEN,VE,862.0,Country/Area,931,1950.0,5368.083,5488.614,2793.506,2695.108,5.989,103.651,16.124,178.237,32.652,241.062,4.393,15.778,256.87,35.495,47.057,6.635,2.573,28.544,104.5,78.633,43.473,35.16,14.405,51.125,48.997,53.513,46.023,43.886,48.431,11.33,10.939,11.719,4.841,4.646,5.021,26.927,105.821,237.819,37.024,149.32,297.83,333.064,259.18,511.515,549.64,467.52,258.906,299.671,213.027,413.415,455.346,365.153,62.817,11.508
18293,Estimates,Canada,,124,CAN,CA,124.0,Country/Area,905,1950.0,13593.591,13743.069,6966.896,6776.172,1.511,102.815,26.671,244.248,17.807,298.956,2.175,31.869,367.66,25.266,26.804,3.454,1.573,28.534,105.9,123.412,70.344,53.068,8.997,68.215,66.153,70.582,57.193,55.506,59.153,14.091,13.303,14.99,6.314,5.935,6.661,15.273,41.557,354.958,17.818,49.007,92.764,105.694,79.406,221.826,254.544,185.838,81.986,94.583,68.846,175.236,204.124,143.611,54.71,3.989
18509,Estimates,United States of America,31,840,USA,US,840.0,Country/Area,905,1950.0,147095.867,148281.55,73516.095,74765.455,16.21,98.329,29.267,1952.177,13.178,2371.366,1.599,43.349,3379.666,398.139,22.814,2.934,1.359,26.642,105.4,1427.489,813.717,613.772,9.636,68.059,65.397,71.013,56.019,53.612,58.682,13.923,12.771,15.107,6.439,5.916,6.881,106.237,31.697,3286.958,123.753,36.988,84.885,99.553,70.14,240.517,287.453,190.745,96.222,116.753,75.683,206.62,251.426,159.586,419.191,2.83
18725,Estimates,Australia,32,36,AUS,AU,36.0,Country/Area,927,1950.0,8048.9,8177.167,4120.35,4056.818,1.064,101.566,29.385,110.87,13.677,256.535,3.137,22.096,188.822,10.185,23.293,3.064,1.425,28.204,105.4,77.952,43.588,34.364,9.616,69,66.513,71.716,56.62,54.375,59.062,13.497,12.239,14.744,5.975,5.524,6.341,4.677,24.859,184.65,5.791,31.025,74.577,87.055,61.469,210.263,248.439,170.341,81.49,95.072,66.972,179.273,214.938,142.377,145.658,17.968
18797,Estimates,New Zealand,33,554,NZL,NZ,554.0,Country/Area,927,1950.0,1892.688,1911.608,959.067,952.54,7.216,100.685,28.435,31.034,16.263,37.84,1.98,35.007,49.077,2.389,25.718,3.55,1.634,28.385,105.8,18.043,9.922,8.121,9.455,69.253,67.411,71.242,57.149,55.522,58.9,13.862,12.786,14.989,6.182,5.788,6.52,1.361,27.739,47.88,1.692,34.624,80.724,88.801,72.29,205.439,230.24,180.571,79.699,85.603,73.564,171.173,193.485,149.151,6.813,3.57
18941,Estimates,Fiji,,242,FJI,FJ,242.0,Country/Area,928,1950.0,306.371,308.308,163.558,144.75,16.875,112.994,16.718,4.876,15.795,3.873,1.256,55.187,12.688,1.994,41.102,6.297,2.45,28.488,106.8,7.812,4.782,3.03,25.307,49.529,48.972,50.292,42.739,42.379,43.322,6.449,6.284,6.754,2.327,2.271,2.432,1.17,90.833,11.88,1.607,125.892,252.412,254.373,250.379,559.603,577.04,534.991,243.005,251.864,231.598,483.225,501.136,457.227,-1.002,-3.246
19085,Estimates,Papua New Guinea,,598,PNG,PG,598.0,Country/Area,928,1950.0,1526.961,1542.854,834.779,708.075,3.407,117.894,17.336,36.634,23.7,31.787,2.06,33.648,69.967,8.251,45.265,5.711,1.665,29.781,107.6,33.333,18.983,14.35,21.565,39.127,37.415,41.616,41.349,39.179,44.62,10.604,10.065,11.334,4.793,4.539,5.071,11.755,169.735,61.644,18.13,269.919,484.719,507.595,456.376,664.292,702.023,605.365,363.308,407.568,301.325,507.097,559.674,424.293,-4.844,-3.134
19445,Estimates,Kiribati,,296,KIR,KI,296.0,Country/Area,954,1950.0,37.463,37.846,18.348,19.498,52.129,94.099,21.062,0.757,20.005,0.765,2.021,34.297,1.642,0.167,43.391,6.188,2.048,29.568,107.1,0.885,0.448,0.437,23.386,45.671,44.357,47.003,45.355,44.24,46.439,11.032,10.466,11.518,4.844,4.603,5.011,0.239,146.431,1.481,0.346,219.324,383.307,392.208,374.168,565.567,592.045,539.15,276.182,291.18,262.044,419.041,448.674,390.404,0,0
19805,Estimates,Palau,,585,PLW,PW,585.0,Country/Area,954,1950.0,7.375,7.43,3.744,3.685,16.151,101.615,17.312,0.173,23.169,0.109,1.467,47.249,0.324,0.025,43.396,6.737,2.655,29.582,107.7,0.151,0.09,0.061,20.227,52.917,48.998,57.653,46.433,42.562,51.084,10.952,9.92,12.316,4.917,4.606,5.324,0.029,90.976,0.303,0.038,119.962,273.451,319.7,225.655,483.902,570.476,385.304,251.435,321.187,179.091,397.07,491.647,291.731,-0.094,-12.596
20237,Estimates,Samoa,,882,WSM,WS,882.0,Country/Area,957,1950.0,87.017,87.951,45.339,42.611,31.078,106.401,14.762,3.006,33.941,1.867,2.123,32.649,4.509,0.422,50.915,7.391,2.482,29.756,107.6,1.503,0.766,0.737,16.974,47.728,48.281,47.206,43.573,44.045,43.185,10.72,10.346,11.197,4.838,4.66,5.037,0.485,108.662,4.166,0.678,155.881,358.776,335.876,381.702,561.028,555.829,566.365,311.685,293.584,329.138,455.395,451.805,458.572,-1.135,-12.818
20381,Estimates,Tonga,,776,TON,TO,776.0,Country/Area,957,1950.0,49.121,49.83,25.457,24.372,76.661,104.45,16.541,1.417,28.441,1.417,2.844,24.372,2.148,0.152,43.102,6.76,2.594,30.642,108.1,0.731,0.392,0.338,14.661,54.027,52.01,56.344,48.165,46.118,50.522,11.362,10.546,12.168,5.036,4.709,5.27,0.193,90.975,2.011,0.262,125.908,261.964,279.052,243.555,452.873,495.219,403.805,219.814,247.764,188.468,356.204,402.796,302.464,0,0
20453,Estimates,Tuvalu,,798,TUV,TV,798.0,Country/Area,957,1950.0,4.658,4.732,2.296,2.437,157.75,94.194,22.731,0.09,19.273,0.149,3.149,22.012,0.224,0.015,47.673,5.393,1.392,29.716,107,0.134,0.064,0.07,28.4,36.802,37.849,35.931,37.978,38.798,37.215,10.28,9.951,10.562,4.685,4.516,4.879,0.037,164.729,0.198,0.05,259.005,531.844,501.203,558.122,710.169,702.896,716.777,434.102,415.236,451.729,572.616,569.4,576.591,0.046,9.779
